Amplicon	Primer	Pool	Sequence	Sense	Start	End
1	LEFT	1	ACCAACCAACTTTCGATCTCTTGT	+	30	54
1	RIGHT	1	GGTTGCATTCATTTGGTGACGC	-	1205	1183
3	LEFT	1	GGCTTGAAGAGAAGTTTAAGGAAGGT	+	2153	2179
3	RIGHT	1	GATTGTCCTCACTGCCGTCTTG	-	3257	3235
5	LEFT	1	ACCTACTAAAAAGGCTGGTGGC	+	4167	4189
5	RIGHT	1	AGCATCTTGTAGAGCAGGTGGA	-	5359	5337
7	LEFT	1	ACCTGGTGTATACGTTGTCTTTGG	+	6283	6307
7	RIGHT	1	GCTGAAATCGGGGCCATTTGTA	-	7401	7379
9	LEFT	1	AGAAGTTACTGGCGATAGTTGTAATAACT	+	8253	8282
9	RIGHT	1	TGCTGATATGTCCAAAGCACCA	-	9400	9378
11	LEFT	1	AGACACCTAAGTATAAGTTTGTTCGCA	+	10343	10370
11	RIGHT	1	GCCCACATGGAAATGGCTTGAT	-	11469	11447
13	LEFT	1	ACCTCTTACAACAGCAGCCAAAC	+	12450	12473
13	RIGHT	1	CGTCCTTTTCTTGGAAGCGACA	-	13621	13599
15	LEFT	1	TTTTAAGGAATTACTTGTGTATGCTGCT	+	14540	14568
15	RIGHT	1	ACACACAACAGCATCGTCAGAG	-	15735	15713
17	LEFT	1	TCAAGCTTTTTGCAGCAGAAACG	+	16624	16647
17	RIGHT	1	CCAAGCAGGGTTACGTGTAAGG	-	17754	17732
19	LEFT	1	GGCACATGGCTTTGAGTTGACA	+	18596	18618
19	RIGHT	1	CCTGTTGTCCATCAAAGTGTCCC	-	19678	19655
21	LEFT	1	TCTGTAGTTTCTAAGGTTGTCAAAGTGA	+	20553	20581
21	RIGHT	1	GCAGGGGGTAATTGAGTTCTGG	-	21642	21620
23	LEFT	1	ACTTTAGAGTCCAACCAACAGAATCT	+	22511	22537
23	LEFT_OMICRON	1	ACTTTAGAGTTCAACCAACAGAATCT	+	22511	22537
23	RIGHT	1	TGACTAGCTACACTACGTGCCC	-	23631	23609
25	LEFT	1	TGCTGCTACTAAAATGTCAGAGTGT	+	24633	24658
25	RIGHT	1	CATTTCCAGCAAAGCCAAAGCC	-	25790	25768
27	LEFT	1	TGGATCACCGGTGGAATTGCTA	+	26744	26766
27	RIGHT	1	TGTTCGTTTAGGCGTGACAAGT	-	27894	27872
29	LEFT	1	TGAGGGAGCCTTGAATACACCA	+	28677	28699
29	RIGHT	1	TAGGCAGCTCTCCCTAGCATTG	-	29790	29768
2	LEFT	2	CCATAATCAAGACTATTCAACCAAGGGT	+	1100	1128
2	RIGHT	2	ACAGGTGACAATTTGTCCACCG	-	2266	2244
4	LEFT	2	GGAATTTGGTGCCACTTCTGCT	+	3144	3166
4	RIGHT	2	CCTGACCCGGGTAAGTGGTTAT	-	4262	4240
6	LEFT	2	ACTTCTATTAAATGGGCAGATAACAACTG	+	5257	5286
6	RIGHT	2	GATTATCCATTCCCTGCGCGTC	-	6380	6358
8	LEFT	2	CAATCATGCAATTGTTTTTCAGCTATTTTG	+	7298	7328
8	RIGHT	2	TGACTTTTTGCTACCTGCGCAT	-	8385	8363
10	LEFT	2	TTTACCAGGAGTTTTCTGTGGTGT	+	9303	9327
10	RIGHT	2	TGGGCCTCATAGCACATTGGTA	-	10451	10429
12	LEFT	2	ATGGTGCTAGGAGAGTGTGGAC	+	11372	11394
12	RIGHT	2	GGATTTCCCACAATGCTGATGC	-	12560	12538
14	LEFT	2	ACAGGCACTAGTACTGATGTCGT	+	13509	13532
14	RIGHT	2	GTGCAGCTACTGAAAAGCACGT	-	14641	14619
16	LEFT	2	ACAACACAGACTTTATGAGTGTCTCT	+	15608	15634
16	RIGHT	2	CTCTGTCAGACAGCACTTCACG	-	16720	16698
18	LEFT	2	GCACATAAAGACAAATCAGCTCAATGC	+	17622	17649
18	RIGHT	2	TGTCTGAAGCAGTGGAAAAGCA	-	18706	18684
20	LEFT	2	ACAATTTGATACTTATAACCTCTGGAACAC	+	19574	19604
20	RIGHT	2	GATTAGGCATAGCAACACCCGG	-	20698	20676
22	LEFT	2	GTGATGTTCTTGTTAACAACTAAACGAACA	+	21532	21562
22	RIGHT	2	AACAGATGCAAATCTGGTGGCG	-	22612	22590
22	RIGHT_OMICRON	2	AACAGATGCAAATTTGGTGGCG	-	22612	22590
24	LEFT	2	GCTGAACATGTCAACAACTCATATGA	+	23518	23544
24	RIGHT	2	ATGAGGTGCTGACTGAGGGAAG	-	24736	24714
26	LEFT	2	GCCTTGAAGCCCCTTTTCTCTA	+	25690	25712
26	LEFT_OMICRON	2	GCCTTGAAGCCCCTTTTTTCTA	+	25690	25712
26	RIGHT	2	AATGACCACATGGAACGCGTAC	-	26857	26835
28	LEFT	2	TTTGTGCTTTTTAGCCTTTCTGCT	+	27784	27808
28	LEFT_OMICRON	2	TTTGTGCTTTTTAGCCTTTCTGTT	+	27784	27808
28	RIGHT	2	GTTTGGCCTTGTTGTTGTTGGC	-	29007	28985
